objectid,pcon16cd,pcon16nm,bng_e,bng_n,long,lat,st_areashape,st_lengthshape,Country
1,E14000530,Aldershot,484884,155126,-0.7841,51.28895187,52978159.28,42197.66053,England
2,E14000531,Aldridge-Brownhills,404723,302568,-1.93166006,52.62086868,44016548.27,38590.1824,England
3,E14000532,Altrincham and Sale West,374132,389051,-2.39049006,53.3976593,50929377.6,47813.41534,England
4,E14000533,Amber Valley,440478,349675,-1.39769995,53.04283142,124646424,64665.32651,England
5,E14000534,Arundel and South Downs,510689,115542,-0.42631,50.92871094,645250855.5,333618.641,England
6,E14000535,Ashfield,450035,355939,-1.25419998,53.09833145,107711816.3,63095.25643,England
7,E14000536,Ashford,595733,138824,0.79516703,51.11526108,503672491.8,154449.5559,England
8,E14000537,Ashton-under-Lyne,392394,399819,-2.11611009,53.49502945,27792132,38097.6736,England
9,E14000538,Aylesbury,482160,199541,-0.81282997,51.68862152,185457079.4,150691.6355,England
10,E14000539,Banbury,441108,233685,-1.40260005,52.00009918,463664226,193904.0768,England
19,E14000548,Batley and Spen,420570,425305,-1.68973994,53.7237587,55060287.1,47395.89279,England
11,E14000540,Barking,546099,184533,0.105346,51.54079056,20441230.42,30925.199,England
12,E14000541,Barnsley Central,433719,408537,-1.49228001,53.57236862,48369590.64,51122.32119,England
13,E14000542,Barnsley East,439730,404883,-1.40198004,53.53910828,86803998.39,59925.88354,England
14,E14000543,Barrow and Furness,325384,484663,-3.14672995,54.25218964,281405739.9,198650.6033,England
15,E14000544,Basildon and Billericay,569070,192467,0.440099,51.60565948,60231747.65,38649.22271,England
16,E14000545,Basingstoke,465234,151979,-1.06641996,51.26324081,58915642.61,47990.38197,England
17,E14000546,Bassetlaw,469769,385126,-0.95315999,53.35842896,479522083.5,142678.4111,England
18,E14000547,Bath,374693,164413,-2.36499,51.37818909,28675524.65,34772.04981,England
20,E14000549,Battersea,527493,175641,-0.16599999,51.46538162,10279532.86,22051.28224,England
21,E14000550,Beaconsfield,498198,185455,-0.58484,51.55944061,176255333.2,105905.241,England
22,E14000551,Beckenham,540141,167041,0.012564,51.38512039,34484271.06,36829.86025,England
26,E14000555,Bethnal Green and Bow,535339,182777,-0.05038,51.52769089,9165698.114,16148.48076,England
27,E14000556,Beverley and Holderness,523478,430751,-0.12853,53.75851059,776226841,251180.5814,England
28,E14000557,Bexhill and Battle,572483,119019,0.453915,50.94480133,528955148.2,184243.1332,England
29,E14000558,Bexleyheath and Crayford,549971,175943,0.157489,51.46258926,21622658.26,29731.87721,England
23,E14000552,Bedford,505470,248675,-0.46072,52.12633896,33939233.39,35848.06933,England
85,E14000614,Calder Valley,403388,423842,-1.95014,53.71099854,306262665.4,124618.6258,England
24,E14000553,Bermondsey and Old Southwark,533846,178919,-0.07335,51.4933815,10424323.82,21414.70941,England
25,E14000554,Berwick-upon-Tweed,404456,611882,-1.93120003,55.40085983,2379421933,412159.3431,England
100,E14000629,Chelsea and Fulham,525982,177080,-0.18723001,51.47864914,8279457.477,16948.90335,England
101,E14000630,Cheltenham,394670,221154,-2.07884002,51.88891983,37245280.6,35045.33565,England
102,E14000631,Chesham and Amersham,495432,198692,-0.62111998,51.67890167,196348359.1,87256.19077,England
103,E14000632,Chesterfield,440100,372487,-1.40050006,53.24790955,47356747.8,47526.22405,England
104,E14000633,Chichester,490172,116639,-0.71789998,50.94213867,621230124.7,252296.4268,England
30,E14000559,Birkenhead,330482,388287,-3.04668999,53.38684082,25131959.56,24506.6132,England
31,E14000560,"Birmingham, Edgbaston",402500,283463,-1.96463001,52.44913101,28318673.4,30639.02208,England
137,E14000666,Dewsbury,421195,414257,-1.68102002,53.62443161,126070563,79721.75534,England
138,E14000667,Don Valley,460102,396080,-1.09630001,53.45806885,250862435.5,122446.1386,England
139,E14000668,Doncaster Central,460833,404244,-1.08371997,53.53136063,60567890.76,61064.06664,England
140,E14000669,Doncaster North,455325,408912,-1.16597998,53.5739212,256591682.3,144832.817,England
141,E14000670,Dover,629114,147136,1.27660501,51.17752838,214177720.7,94199.29585,England
142,E14000671,Dudley North,392287,291911,-2.11509991,52.52502823,23073794.49,28790.49568,England
143,E14000672,Dudley South,391503,288292,-2.12655997,52.49248123,25376311.99,28725.70661,England
32,E14000561,"Birmingham, Erdington",410573,292673,-1.84555995,52.53182983,22049591.64,25169.90642,England
184,E14000713,Gosport,458429,101452,-1.17207003,50.80966949,36350927.1,42998.42789,England
185,E14000714,Grantham and Stamford,502953,323566,-0.47439,52.79985046,685708830.8,168095.2298,England
186,E14000715,Gravesham,566969,169115,0.39874399,51.39649963,99020167.14,60505.29588,England
33,E14000562,"Birmingham, Hall Green",408501,282513,-1.87636006,52.44052887,19724858.86,25831.10092,England
34,E14000563,"Birmingham, Hodge Hill",410878,287656,-1.84123003,52.48672867,20513372.17,29630.26739,England
469,E14000998,Tooting,527687,172670,-0.16428,51.43864059,11231790.02,17757.08001,England
470,E14000999,Torbay,290905,64048,-3.53851008,50.46606064,35752219.47,49578.02448,England
471,E14001000,Torridge and West Devon,244314,100575,-4.20988989,50.78377914,1702864335,442479.0194,England
35,E14000564,"Birmingham, Ladywood",407075,288133,-1.89722002,52.49108124,25745021.26,35991.48429,England
36,E14000565,"Birmingham, Northfield",401888,279459,-1.97365999,52.41313934,24455743.7,33494.07138,England
472,E14001001,Totnes,279926,51138,-3.6890099,50.34785843,569099146.4,328483.6386,England
37,E14000566,"Birmingham, Perry Barr",406035,291868,-1.91246998,52.52466965,24857415.31,28244.70749,England
38,E14000567,"Birmingham, Selly Oak",406396,280770,-1.90735996,52.42488861,21875014.7,30817.29806,England
39,E14000568,"Birmingham, Yardley",412993,284792,-1.81018996,52.46092987,22614684.09,28093.68364,England
40,E14000569,Bishop Auckland,400989,521813,-1.98620999,54.59151077,922670309.2,197530.2071,England
41,E14000570,Blackburn,367090,427991,-2.50049996,53.74726105,40344216.93,32080.51199,England
479,E14001008,Vauxhall,530310,176643,-0.1251,51.47375107,8568932.593,17612.72531,England
480,E14001009,Wakefield,430382,416329,-1.54191995,53.64260864,77846889.24,64263.47561,England
42,E14000571,Blackley and Broughton,384164,401961,-2.2402699,53.51409912,28152042.61,34864.67719,England
43,E14000572,Blackpool North and Cleveleys,333059,443882,-3.01992989,53.88679123,22991996.97,35928.7577,England
44,E14000573,Blackpool South,332763,433883,-3.02223992,53.7969017,20194418.73,23969.13237,England
45,E14000574,Blaydon,417664,559658,-1.72588003,54.93130112,110323520.3,77940.06942,England
46,E14000575,Blyth Valley,428115,577679,-1.56103003,55.09275055,70365887.83,50691.99317,England
47,E14000576,Bognor Regis and Littlehampton,494562,100500,-0.65960002,50.79634857,61206230.12,69968.74599,England
48,E14000577,Bolsover,447998,366869,-1.28298998,53.19675827,226405475.9,120890.0605,England
49,E14000578,Bolton North East,372934,412475,-2.41053009,53.60813904,35943255.4,36869.8515,England
50,E14000579,Bolton South East,371679,406344,-2.42894006,53.55297089,36824187.75,36791.27147,England
51,E14000580,Bolton West,364518,408253,-2.53724003,53.5696907,71763716.29,58858.51174,England
52,E14000581,Bootle,333951,397251,-2.99641991,53.46784973,25595466.44,25167.68873,England
53,E14000582,Boston and Skegness,537976,351211,0.056495,53.04040146,708156672,242154.6695,England
54,E14000583,Bosworth,439538,301379,-1.41754997,52.60876846,289038635.8,112031.3849,England
55,E14000584,Bournemouth East,411614,93655,-1.83675003,50.74237061,25196956.17,37831.58909,England
507,E14001036,Westminster North,525949,182218,-0.18587001,51.52484131,7983252.161,17797.74238,England
508,E14001037,Westmorland and Lonsdale,352958,492385,-2.72478008,54.32485962,1349604948,328675.8692,England
509,E14001038,Weston-Super-Mare,338994,160991,-2.87728,51.3447113,146322380.5,95967.86808,England
510,E14001039,Wigan,357776,408202,-2.63902998,53.5687294,60509526.42,41902.20678,England
56,E14000585,Bournemouth West,406759,94023,-1.90555,50.74576187,27101090.7,28637.64897,England
57,E14000586,Bracknell,483647,165246,-0.79947001,51.38011169,73946678.98,49953.57761,England
58,E14000587,Bradford East,417427,433388,-1.73692,53.79652023,28454708.52,37368.92294,England
59,E14000588,Bradford South,415841,429295,-1.76119995,53.75978088,43261127.86,62610.11664,England
60,E14000589,Bradford West,412492,433844,-1.81182003,53.80075836,35244278.02,41139.5863,England
61,E14000590,Braintree,577253,232650,0.57864898,51.96406937,467565134.3,143248.9484,England
527,E14001056,Wycombe,479280,190191,-0.85659999,51.60498047,139942466.3,82822.54462,England
528,E14001057,Wyre and Preston North,351597,440598,-2.73740005,53.8593483,266238856.9,155961.1611,England
62,E14000591,Brent Central,521541,185236,-0.24833,51.55292892,18285056.77,29495.02273,England
529,E14001058,Wyre Forest,384106,276388,-2.23494005,52.38529968,195403717.6,100867.388,England
530,E14001059,Wythenshawe and Sale East,380730,389917,-2.29132009,53.4057312,36544677.62,40867.88016,England
531,E14001060,Yeovil,340522,114840,-2.84770989,50.9299202,401007776.6,152711.8914,England
532,E14001061,York Central,459887,451276,-1.08889997,53.95412827,23483528.3,35338.62789,England
533,E14001062,York Outer,461058,457909,-1.06973004,54.0135994,248453455.5,137296.2052,England
534,S14000001,Aberdeen North,389796,808947,-2.17038012,57.17123032,47457492.14,57284.88504,Scotland
535,S14000002,Aberdeen South,384133,802600,-2.26362991,57.11405182,82325798.27,87438.8188,Scotland
536,S14000003,Airdrie and Shotts,283330,662650,-3.86474991,55.84289932,229438306,92615.48716,Scotland
537,S14000004,Angus,344353,761976,-2.91144991,56.74605942,1973553814,311412.8509,Scotland
538,S14000005,Argyll and Bute,200740,715442,-5.22113991,56.28942871,7007704891,3826979.179,Scotland
539,S14000006,"Ayr, Carrick and Cumnock",238951,603944,-4.53852987,55.30316925,1628593517,327183.4887,Scotland
540,S14000007,Banff and Buchan,386375,849383,-2.2292099,57.53435898,1589899591,354419.0492,Scotland
541,S14000008,"Berwickshire, Roxburgh and Selkirk",356199,624537,-2.69513988,55.51261139,3839118871,462974.7172,Scotland
542,S14000009,"Caithness, Sutherland and Easter Ross",258617,918473,-4.40269995,58.13249969,8628004624,1685797.004,Scotland
63,E14000592,Brent North,518094,186649,-0.29754999,51.56636047,20788547.07,29733.28317,England
64,E14000593,Brentford and Isleworth,516568,177052,-0.32273,51.48041916,26153210.27,43662.76954,England
65,E14000594,Brentwood and Ongar,556779,200101,0.26618099,51.67779922,316708903.2,100004.7165,England
66,E14000595,Bridgwater and West Somerset,302014,136702,-3.40143991,51.12118912,1082098096,309694.0111,England
67,E14000596,Brigg and Goole,476705,409463,-0.84302998,53.5761795,637308237.3,267369.7489,England
68,E14000597,"Brighton, Kemptown",534575,104472,-0.09068,50.82415009,39731843.38,46447.40455,England
543,S14000010,Central Ayrshire,238948,628173,-4.55256987,55.5206604,232394433.2,134994.2029,Scotland
544,S14000011,"Coatbridge, Chryston and Bellshill",269133,669782,-4.09475994,55.90328979,83437953.45,72937.61416,Scotland
545,S14000012,"Cumbernauld, Kilsyth and Kirkintilloch East",268306,677738,-4.1118598,55.97449875,190557458.6,104171.0266,Scotland
546,S14000013,Dumfries and Galloway,252742,567858,-4.30275011,54.98348999,3995603783,892827.7195,Scotland
547,S14000014,"Dumfriesshire, Clydesdale and Tweeddale",305399,610681,-3.49460006,55.38095093,4292659829,559283.7181,Scotland
548,S14000015,Dundee East,347896,736729,-2.8484199,56.51969147,152945206,75030.84294,Scotland
549,S14000016,Dundee West,333100,735387,-3.08850002,56.50576019,118504628.9,58589.99179,Scotland
550,S14000017,Dunfermline and West Fife,304851,688767,-3.53045011,56.0821991,228712043.7,106276.1263,Scotland
551,S14000018,East Dunbartonshire,256840,674119,-4.29350996,55.93872833,85210478.8,68620.94303,Scotland
552,S14000019,"East Kilbride, Strathaven and Lesmahagow",268907,644910,-4.08639002,55.67990875,408392179,153210.4417,Scotland
553,S14000020,East Lothian,354854,672351,-2.72434998,55.94207001,679179834.5,200290.3209,Scotland
554,S14000021,East Renfrewshire,251929,653115,-4.36059999,55.74868011,174249511.4,93882.50778,Scotland
69,E14000598,"Brighton, Pavilion",531231,107528,-0.13704,50.85237885,29029420.57,34006.83355,England
70,E14000599,Bristol East,362430,172547,-2.54204011,51.45064926,23708758.4,34798.72294,England
71,E14000600,Bristol North West,355048,178219,-2.64898992,51.50109863,44175788.88,69456.19651,England
72,E14000601,Bristol South,358409,169601,-2.59956002,51.42388153,24576411.09,26473.97074,England
73,E14000602,Bristol West,359407,174253,-2.58574009,51.46577835,17239170.15,22660.33416,England
74,E14000603,Broadland,617274,321242,1.21757698,52.74512863,764187300.5,295257.4101,England
75,E14000604,Bromley and Chislehurst,542971,170358,0.054539,51.4142189,29408133.12,38694.97996,England
76,E14000605,Bromsgrove,399840,273736,-2.0037601,52.36169052,216968485,113135.4638,England
77,E14000606,Broxbourne,534218,205427,-0.05786,51.73149872,66870628.21,47860.65412,England
78,E14000607,Broxtowe,450754,346085,-1.24501002,53.00968933,65790601.77,57540.92314,England
79,E14000608,Buckingham,477472,222419,-0.87553,51.89495087,866945906.1,262429.6768,England
80,E14000609,Burnley,384886,430882,-2.23079991,53.7740593,110683998.4,57764.57724,England
81,E14000610,Burton,404391,334740,-1.93614995,52.91007996,243374402.2,161730.0793,England
82,E14000611,Bury North,379312,413522,-2.31420994,53.61783981,51013146.63,45515.33108,England
83,E14000612,Bury South,380354,406519,-2.29801011,53.55493927,48446979.95,49291.01999,England
84,E14000613,Bury St Edmunds,594529,264764,0.84811902,52.24668121,502058508.6,179773.3836,England
86,E14000615,Camberwell and Peckham,533978,176264,-0.07246,51.46949005,11396353.78,21798.18036,England
87,E14000616,Camborne and Redruth,171361,37224,-5.20457983,50.19078064,279381029.3,159385.5928,England
226,E14000755,Hove,526925,107165,-0.1983,50.85007858,23941451.24,22794.51837,England
227,E14000756,Huddersfield,416063,417801,-1.75841999,53.65647125,47049133.6,42853.79241,England
88,E14000617,Cambridge,545420,257901,0.126436,52.20016861,36180576.56,41124.93499,England
89,E14000618,Cannock Chase,401261,311553,-1.98276997,52.70166016,78882572.18,50127.6145,England
90,E14000619,Canterbury,615361,155814,1.08536196,51.26079178,248683667.3,116455.4453,England
91,E14000620,Carlisle,339781,552314,-2.9396801,54.86196899,210655496.8,115736.0222,England
228,E14000757,Huntingdon,518908,268395,-0.25759,52.3008194,334889337.9,166316.4567,England
229,E14000758,Hyndburn,374762,428561,-2.38421988,53.75281143,90263042.8,52451.28933,England
92,E14000621,Carshalton and Wallington,528288,163524,-0.15894,51.3563118,25497741.13,31792.67998,England
93,E14000622,Castle Point,579490,187921,0.58808398,51.56159973,45070490.73,68031.23921,England
94,E14000623,Central Devon,272816,92580,-3.80304003,50.7188797,1413459621,301030.0033,England
95,E14000624,Central Suffolk and North Ipswich,619438,262142,1.21070504,52.21377945,796226610.2,198725.5647,England
96,E14000625,Charnwood,458723,311183,-1.13252997,52.69517136,171525684.9,124165.5827,England
97,E14000626,Chatham and Aylesford,574815,163047,0.50843298,51.33963013,61472576.87,85445.3833,England
98,E14000627,Cheadle,387557,385611,-2.1884501,53.36722946,39372033.42,39912.58984,England
99,E14000628,Chelmsford,571558,205432,0.482346,51.7213707,42391775.75,37952.68057,England
105,E14000634,Chingford and Woodford Green,538751,192824,0.002733,51.61714172,19051193.62,22364.75096,England
106,E14000635,Chippenham,385912,164688,-2.20380998,51.38106155,167622468.8,94811.58672,England
107,E14000636,Chipping Barnet,525721,194354,-0.18481,51.63394928,34595487.29,39945.58449,England
108,E14000637,Chorley,358735,418081,-2.62585998,53.65758896,155203525,78420.06756,England
109,E14000638,Christchurch,412843,100944,-1.81908,50.80789948,108647552.1,99543.20335,England
234,E14000763,Islington North,530598,186352,-0.11736,51.56092834,7380404.774,14387.84806,England
110,E14000639,Cities of London and Westminster,528186,180101,-0.15441,51.50531006,16407644.37,28985.1268,England
111,E14000640,City of Chester,339234,361923,-2.91006994,53.15097046,133483941.3,92004.76781,England
112,E14000641,City of Durham,427183,541519,-1.57903004,54.76787186,186683237.3,100041.2146,England
113,E14000642,Clacton,618208,219640,1.16565704,51.83272934,132224888,140852.0225,England
114,E14000643,Cleethorpes,516863,415672,-0.23449001,53.62456894,330296790.8,155954.5646,England
115,E14000644,Colchester,599674,224891,0.90007699,51.8868103,45619523.43,39670.38825,England
116,E14000645,Colne Valley,408584,411123,-1.87177002,53.59661865,180371681.5,74556.20925,England
117,E14000646,Congleton,380524,363233,-2.29276991,53.16587067,211005246.7,102255.9572,England
118,E14000647,Copeland,314472,504227,-3.31978989,54.4262619,1184504973,296868.452,England
119,E14000648,Corby,496882,284831,-0.57574999,52.45286179,553951157.4,168840.3102,England
235,E14000764,Islington South and Finsbury,531411,183491,-0.1067,51.53503036,7476246.548,14935.25646,England
236,E14000765,Jarrow,431908,562657,-1.50327003,54.9575386,47246566.88,49746.19037,England
237,E14000766,Keighley,405387,444493,-1.91951001,53.89659119,164438946,81228.48256,England
120,E14000649,Coventry North East,436254,281108,-1.46825004,52.42676926,27232319.02,28822.27923,England
238,E14000767,Kenilworth and Southam,442375,260518,-1.38082004,52.24124146,620554436.3,224282.5879,England
121,E14000650,Coventry North West,430295,281733,-1.55581999,52.4327507,38524210.76,32684.55209,England
122,E14000651,Coventry South,432903,277293,-1.51789999,52.39268875,32882532.16,43185.3293,England
123,E14000652,Crawley,526390,137581,-0.19532999,51.12356949,44971206.02,38799.71912,England
124,E14000653,Crewe and Nantwich,371379,350813,-2.42844009,53.05381012,136190676.3,69307.27842,England
125,E14000654,Croydon Central,535759,165277,-0.05104,51.37033081,25660977.81,31429.76564,England
126,E14000655,Croydon North,532366,168762,-0.09846,51.40245056,17548322.67,21137.99213,England
239,E14000768,Kensington,525530,179388,-0.19291,51.49950027,8963530.181,19496.39523,England
240,E14000769,Kettering,483866,282852,-0.76773,52.43722916,233489926,100689.5444,England
127,E14000656,Croydon South,532475,160711,-0.09989,51.3300705,43285139.63,39173.76102,England
128,E14000657,Dagenham and Rainham,551634,183167,0.184512,51.52706146,40977564.21,47727.92667,England
129,E14000658,Darlington,429096,515409,-1.55189002,54.53313065,30039590.03,31527.43325,England
130,E14000659,Dartford,556489,173122,0.24999499,51.43547821,85910626.23,73778.78445,England
131,E14000660,Daventry,469194,268437,-0.98648,52.30971146,748417402.3,216124.5992,England
132,E14000661,Denton and Reddish,391356,394907,-2.13161993,53.45085907,25685683.83,44069.66338,England
133,E14000662,Derby North,432427,336128,-1.51912999,52.92161179,29508337.87,36578.73748,England
134,E14000663,Derby South,436265,333095,-1.46238995,52.89410019,31220661.8,31984.1598,England
135,E14000664,Derbyshire Dales,420966,359002,-1.68812001,53.12778854,910858598.1,251879.7155,England
136,E14000665,Devizes,413665,161526,-1.80514002,51.35263824,1023422425,199325.709,England
144,E14000673,Dulwich and West Norwood,532835,172745,-0.09023,51.43812943,14836930.28,21230.19411,England
197,E14000726,Hammersmith,523262,179604,-0.22549,51.50194168,11278489.63,19069.81238,England
145,E14000674,Ealing Central and Acton,519016,181119,-0.28613001,51.51646042,17939427.93,24595.69988,England
555,S14000022,Edinburgh East,328720,672753,-3.14277005,55.9425087,25822386.81,28212.18198,Scotland
146,E14000675,Ealing North,513800,183124,-0.36061999,51.53556061,23266560.02,27137.23261,England
576,S14000043,Linlithgow and East Falkirk,292663,672963,-3.7198801,55.93769073,280001032.2,145471.9489,Scotland
577,S14000044,Livingston,302051,663045,-3.56606007,55.85062027,271459710.8,112290.1711,Scotland
578,S14000045,Midlothian,330088,659217,-3.1173799,55.82110977,355271605.4,126472.863,Scotland
579,S14000046,Moray,328024,843593,-3.20186996,57.47682953,2237581323,437925.1031,Scotland
580,S14000047,Motherwell and Wishaw,277792,656049,-3.95017004,55.78224945,58089671.18,47438.03136,Scotland
581,S14000048,North Ayrshire and Arran,195921,636363,-5.23905993,55.57804108,817073475.5,302646.7122,Scotland
582,S14000049,North East Fife,338928,714312,-2.98890996,56.31724167,770532263.9,209671.9632,Scotland
583,S14000050,Ochil and South Perthshire,293171,714167,-3.72827005,56.30783081,1712087423,317064.1328,Scotland
584,S14000051,Orkney and Shetland,434516,0,-1.37344003,60.50495148,2482437540,3608204.611,Scotland
585,S14000052,Paisley and Renfrewshire North,243336,668523,-4.50622988,55.88428116,123424631.1,91943.96797,Scotland
586,S14000053,Paisley and Renfrewshire South,239382,660301,-4.56450987,55.80918121,138062988.3,84981.90482,Scotland
587,S14000054,Perth and North Perthshire,282156,752482,-3.9235301,56.64923859,3830654370,467276.1416,Scotland
588,S14000055,"Ross, Skye and Lochaber",211302,834601,-5.13901997,57.36264038,12606100798,3632960.858,Scotland
589,S14000056,Rutherglen and Hamilton West,268594,657784,-4.09755993,55.7954216,51387237.39,56647.76185,Scotland
590,S14000057,Stirling,255980,708769,-4.32595015,56.24953079,2253344452,341963.1553,Scotland
591,S14000058,West Aberdeenshire and Kincardine,342584,792624,-2.94729996,57.02112961,3266956438,495106.3288,Scotland
592,S14000059,West Dunbartonshire,242904,681587,-4.52074003,56.00141144,177306059.9,100568.4739,Scotland
593,W07000041,Ynys Mon,245222,378346,-4.32290983,53.27944946,714458085.9,361684.6038,Wales
594,W07000042,Delyn,318273,370838,-3.22570992,53.22827911,282658424.3,141347.7581,Wales
595,W07000043,Alyn and Deeside,330102,362484,-3.04672003,53.15488815,154831590.2,126967.0328,Wales
596,W07000044,Wrexham,336339,353957,-2.95177007,53.07904053,103166177.9,70866.58996,Wales
597,W07000045,Llanelli,249768,205472,-4.17667007,51.72777939,235043536.5,234224.0261,Wales
598,W07000046,Gower,256421,192102,-4.07490015,51.60939026,298185868.4,285587.4036,Wales
599,W07000047,Swansea West,262790,193117,-3.98338008,51.62009811,32729769.8,35933.11875,Wales
147,E14000676,"Ealing, Southall",514022,180335,-0.35832,51.51044083,14338359.59,26529.10504,England
148,E14000677,Easington,441506,544447,-1.35600996,54.79320908,117652180,70447.61154,England
149,E14000678,East Devon,305686,90923,-3.33714008,50.71025085,333207480.5,119095.5935,England
600,W07000048,Swansea East,267106,196223,-3.92226005,51.64905167,48743447.82,41405.13419,Wales
601,W07000049,Aberavon,281996,189115,-3.70475006,51.58848953,177352044.3,122543.9465,Wales
150,E14000679,East Ham,542702,183073,0.055806,51.52854156,18855843.44,28093.2332,England
151,E14000680,East Hampshire,474404,130897,-0.93936998,51.07257843,463614073.3,124035.3436,England
152,E14000681,East Surrey,535127,149673,-0.06601,51.23025131,259431719,89763.82703,England
153,E14000682,East Worthing and Shoreham,516687,106109,-0.34401,50.84273911,55308413.8,63250.82196,England
154,E14000683,East Yorkshire,494376,455529,-0.56217003,53.98722076,1052788929,255269.0668,England
155,E14000684,Eastbourne,560044,100404,0.26886699,50.7811203,54949576.52,37007.88082,England
156,E14000685,Eastleigh,447457,116523,-1.32584,50.94618988,72628447.72,70809.36676,England
157,E14000686,Eddisbury,355955,357876,-2.6595099,53.11624908,712449906,218982.0015,England
158,E14000687,Edmonton,534700,194035,-0.05527,51.62900925,19743099.14,23187.33739,England
159,E14000688,Ellesmere Port and Neston,342023,374067,-2.87057996,53.26042938,119779146.6,117964.2124,England
160,E14000689,Elmet and Rothwell,437927,442179,-1.42463005,53.87445068,246012406.3,117554.0565,England
161,E14000690,Eltham,542694,174625,0.052278,51.45262909,21593215.81,27770.60966,England
162,E14000691,Enfield North,533311,198224,-0.07373,51.66698074,37272136.66,35174.46549,England
163,E14000692,"Enfield, Southgate",529426,196196,-0.13063,51.64966965,25184954.7,38146.44482,England
164,E14000693,Epping Forest,542999,199636,0.066831,51.67729187,126245735.3,74606.72528,England
165,E14000694,Epsom and Ewell,520890,161165,-0.26593,51.33673096,51739544.74,35598.63464,England
166,E14000695,Erewash,446887,337932,-1.30382001,52.93675995,60042970.56,58867.74321,England
167,E14000696,Erith and Thamesmead,547906,179127,0.129118,51.49174118,23325263.38,25198.26895,England
168,E14000697,Esher and Walton,513123,163563,-0.37661999,51.35987854,80547559,45303.38547,England
169,E14000698,Exeter,293158,92888,-3.51507998,50.72573853,37965154.98,39586.27692,England
170,E14000699,Fareham,455613,106747,-1.21124005,50.8575592,63246359.91,64852.65166,England
171,E14000700,Faversham and Mid Kent,589077,153142,0.70771301,51.24610138,388080693.3,157858.4255,England
172,E14000701,Feltham and Heston,510743,174852,-0.40727001,51.46181107,29824703.23,38053.24479,England
173,E14000702,Filton and Bradley Stoke,359917,181651,-2.57924008,51.53232956,80714094.93,66273.89063,England
174,E14000703,Finchley and Golders Green,525192,189003,-0.19436,51.58597946,20813118.15,26654.97556,England
175,E14000704,Folkestone and Hythe,610318,138086,1.00282395,51.10348129,433709533.6,153355.7271,England
176,E14000705,Forest of Dean,370366,223233,-2.4321599,51.90684128,584098857.5,210969.5206,England
177,E14000706,Fylde,340582,433974,-2.90356994,53.79867172,173969897,114209.4826,England
178,E14000707,Gainsborough,499314,390326,-0.50774002,53.40044022,1201138220,246495.4824,England
179,E14000708,Garston and Halewood,343589,385827,-2.84921002,53.36629868,51008074.17,38659.03076,England
180,E14000709,Gateshead,426033,561058,-1.59514999,54.94350815,24605651.41,33380.08386,England
181,E14000710,Gedling,462238,343793,-1.07431996,52.98788071,38135913.96,43875.51246,England
182,E14000711,Gillingham and Rainham,580021,165775,0.584472,51.36251068,30423077.11,47576.84593,England
183,E14000712,Gloucester,384048,216342,-2.23295999,51.84545135,37719853.55,34199.05573,England
187,E14000716,Great Grimsby,526243,408047,-0.09582,53.55390167,28071742.57,30625.33891,England
188,E14000717,Great Yarmouth,646760,315882,1.64949596,52.68439865,174470645.1,137814.4648,England
189,E14000718,Greenwich and Woolwich,541975,178075,0.043321,51.48381042,16822825.19,34031.83772,England
190,E14000719,Guildford,499332,149061,-0.57866001,51.23209,188649727.7,121108.9136,England
191,E14000720,Hackney North and Stoke Newington,533597,186241,-0.07416,51.5592308,9062132.568,15694.54791,England
202,E14000731,Harrow East,516589,191686,-0.31759,51.61193848,23709012.47,24815.84756,England
192,E14000721,Hackney South and Shoreditch,534514,184214,-0.06172,51.54079819,9986898.11,21552.73265,England
193,E14000722,Halesowen and Rowley Regis,396407,285885,-2.05431008,52.47090149,29762006.69,37393.37854,England
194,E14000723,Halifax,408844,427072,-1.86739004,53.73997116,57698331.54,52881.79491,England
195,E14000724,Haltemprice and Howden,488260,432100,-0.66215003,53.77777863,431819789,156272.003,England
196,E14000725,Halton,350931,385329,-2.73880005,53.36254883,50842916.85,62865.94489,England
219,E14000748,High Peak,410474,387660,-1.84397995,53.38568878,540253996.8,159632.9601,England
220,E14000749,Hitchin and Harpenden,517305,222266,-0.29695001,51.88661957,256242989.5,136017.4028,England
198,E14000727,Hampstead and Kilburn,525224,184366,-0.19554999,51.54430008,12754903.33,22790.156,England
199,E14000728,Harborough,467129,293798,-1.01169002,52.53792953,204882702,117530.4073,England
200,E14000729,Harlow,544823,209764,0.097401,51.7678299,79691447.62,74671.49477,England
201,E14000730,Harrogate and Knaresborough,433778,459121,-1.48587,54.02698898,148146996.7,87615.28376,England
203,E14000732,Harrow West,514330,188003,-0.35139999,51.57929993,17852609.57,23061.10029,England
204,E14000733,Hartlepool,447157,531476,-1.27023005,54.67615891,93559511,71707.40752,England
205,E14000734,Harwich and North Essex,606257,226703,0.99667799,51.90068817,393135939.7,279858.5731,England
206,E14000735,Hastings and Rye,586062,116890,0.64591098,50.9214592,177036284.1,111189.7597,England
207,E14000736,Havant,471155,107782,-0.99024999,50.8651619,47217316.75,91639.88282,England
208,E14000737,Hayes and Harlington,508166,177727,-0.44347,51.48815155,45035133.74,36333.57015,England
209,E14000738,Hazel Grove,395593,389164,-2.06773996,53.39928818,58297921.1,47386.45202,England
210,E14000739,Hemel Hempstead,503880,211168,-0.49526,51.78953934,104371440.7,68746.90628,England
211,E14000740,Hemsworth,440578,416338,-1.38769996,53.64199829,149977075.2,78999.13085,England
212,E14000741,Hendon,521216,191863,-0.25073001,51.61254883,31339719.41,32568.28354,England
213,E14000742,Henley,461998,194076,-1.10541999,51.6420784,684058786.9,237675.6056,England
214,E14000743,Hereford and South Herefordshire,342784,230969,-2.83435011,51.97423172,724146257.9,211231.9351,England
215,E14000744,Hertford and Stortford,540248,214919,0.033228,51.81531143,156613059.1,93980.32717,England
216,E14000745,Hertsmere,519774,199352,-0.26899001,51.68016815,101128161.4,61228.14737,England
217,E14000746,Hexham,390212,567671,-2.15456009,55.00350952,2439539625,360854.5261,England
218,E14000747,Heywood and Middleton,385746,412106,-2.21688008,53.60533142,72572078.41,57767.76581,England
221,E14000750,Holborn and St Pancras,529119,183943,-0.13957,51.53961945,13193438.25,21699.76502,England
222,E14000751,Hornchurch and Upminster,556974,186879,0.26308101,51.55894852,57641669.4,49922.82861,England
271,E14000800,Luton North,507002,224395,-0.44591999,51.90782928,18785202.24,21303.98123,England
223,E14000752,Hornsey and Wood Green,529562,189749,-0.13104001,51.59170151,16449739.41,22734.23148,England
224,E14000753,Horsham,516728,128429,-0.33627999,51.04336166,344324410,162014.2629,England
225,E14000754,Houghton and Sunderland South,436071,550396,-1.43980002,54.84708023,65815066.34,43646.06406,England
327,E14000856,North West Durham,404359,544374,-1.93373001,54.79423904,701031412.5,195855.4185,England
328,E14000857,North West Hampshire,446060,151304,-1.34129,51.25904083,589479913.5,159603.3255,England
329,E14000858,North West Leicestershire,439111,316252,-1.42209005,52.74250031,279328075.5,116453.1977,England
330,E14000859,North West Norfolk,574445,328868,0.58789599,52.82912064,787474475.7,302097.5827,England
331,E14000860,North Wiltshire,396155,182656,-2.05682993,51.54278183,714246025.1,207807.1251,England
230,E14000759,Ilford North,544659,190971,0.087245,51.59901047,29000857.28,29117.93131,England
358,E14000887,Putney,523535,174102,-0.22348,51.45243073,12752042.12,19000.67948,England
359,E14000888,Rayleigh and Wickford,584214,192879,0.65875798,51.60461044,112165686.9,102207.8497,England
360,E14000889,Reading East,473252,173539,-0.94709003,51.45610046,27564225.22,43947.42413,England
231,E14000760,Ilford South,544661,186984,0.085632,51.56317902,15680169,23719.89335,England
232,E14000761,Ipswich,617201,244449,1.16672301,52.05583954,31527629.56,39932.96182,England
233,E14000762,Isle of Wight,447186,85950,-1.33361995,50.67129898,380164381.9,192524.7806,England
361,E14000890,Reading West,467724,172897,-1.02675998,51.45101166,50850148.72,45673.74509,England
362,E14000891,Redcar,458878,521567,-1.09047997,54.58589172,72398733.36,65769.22773,England
363,E14000892,Redditch,401238,258510,-1.98327994,52.22480011,148642714.4,90332.36269,England
364,E14000893,Reigate,525733,152598,-0.19946,51.25867844,111828888.2,75590.07009,England
365,E14000894,Ribble Valley,369878,446287,-2.46003008,53.91186142,632633250.2,183725.6573,England
366,E14000895,Richmond (Yorks),412781,495786,-1.80483997,54.35744858,2077783686,369132.0055,England
241,E14000770,Kingston and Surbiton,519508,166863,-0.28385001,51.38822937,28367454.85,31106.04589,England
393,E14000922,"Sheffield, Hallam",426415,388888,-1.60422003,53.3961792,135283943.4,77637.87502,England
394,E14000923,"Sheffield, Heeley",436622,384071,-1.45128,53.35227966,25237953.36,29107.2798,England
395,E14000924,Sherwood,460406,358481,-1.09886003,53.12010956,307233137.2,123874.9398,England
396,E14000925,Shipley,412611,439633,-1.80976999,53.85279083,95020668.04,81850.72796,England
397,E14000926,Shrewsbury and Atcham,346360,307551,-2.79452991,52.66302109,601644758.6,163684.8793,England
398,E14000927,Sittingbourne and Sheppey,587151,164862,0.68629003,51.35200882,239307422.2,203946.0773,England
399,E14000928,Skipton and Ripon,398261,462236,-2.02805996,54.05607986,2094237694,342920.8956,England
400,E14000929,Sleaford and North Hykeham,503640,352930,-0.45484,53.063591,1122371431,208575.2185,England
242,E14000771,Kingston upon Hull East,512460,431504,-0.29528999,53.76776886,28658575,30628.88571,England
414,E14000943,South Ribble,350238,421361,-2.75495005,53.68632889,196818715,167904.7762,England
415,E14000944,South Shields,437206,564561,-1.42030001,54.97428131,24579326.06,39399.07153,England
416,E14000945,South Staffordshire,389625,306836,-2.15480995,52.65916061,273761942.6,152768.6264,England
417,E14000946,South Suffolk,599988,244681,0.91615701,52.06439972,652645242.2,218583.2153,England
418,E14000947,South Swindon,419067,181604,-1.72650003,51.53302002,123769045.1,71711.214,England
419,E14000948,South Thanet,628499,158405,1.27499902,51.27893829,127571990.4,127137.0679,England
420,E14000949,South West Bedfordshire,498229,221850,-0.57413,51.88656998,126607021.3,70465.99445,England
421,E14000950,South West Devon,258137,56608,-3.99714994,50.39216995,370575672.9,208168.3598,England
422,E14000951,South West Hertfordshire,499430,208327,-0.56057,51.76480865,173843787.4,119292.1908,England
423,E14000952,South West Norfolk,575310,297872,0.58423197,52.55046844,1310729288,331677.423,England
424,E14000953,South West Surrey,492268,140635,-0.68197,51.15753174,256307299,104220.5807,England
425,E14000954,South West Wiltshire,391047,139812,-2.12939,51.15747833,737444050.7,174405.9382,England
243,E14000772,Kingston upon Hull North,507982,431612,-0.36316001,53.76968002,24778873.35,34426.79463,England
429,E14000958,Southport,333085,415912,-3.01345992,53.63544083,46042905.19,55178.48551,England
430,E14000959,Spelthorne,507012,169622,-0.46254,51.41551971,51161362.93,44134.53496,England
431,E14000960,St Albans,514325,205423,-0.34577999,51.73587036,67230277.15,63654.54624,England
432,E14000961,St Austell and Newquay,195455,57854,-4.87867022,50.38489914,396712488.6,214372.5327,England
433,E14000962,St Helens North,351263,398699,-2.73588991,53.48274994,83805871.45,62658.16021,England
434,E14000963,St Helens South and Whiston,351222,392412,-2.7355299,53.42623901,64135178.73,53755.60069,England
435,E14000964,St Ives,141322,26416,-5.61725998,50.0814209,530352798,392483.9871,England
436,E14000965,Stafford,391013,320185,-2.13466001,52.77917862,291008382.1,138773.0791,England
437,E14000966,Staffordshire Moorlands,400043,355243,-2.00079989,53.09440994,513474783.3,160591.9787,England
438,E14000967,Stalybridge and Hyde,398011,398062,-2.03143001,53.47929001,63229020.09,44327.90196,England
439,E14000968,Stevenage,524285,223238,-0.19523001,51.89384842,63406762.21,63406.62867,England
440,E14000969,Stockport,388819,390460,-2.16966009,53.41083908,21914415.18,36641.66506,England
441,E14000970,Stockton North,444937,523121,-1.30594003,54.60128021,120641406.8,102279.0067,England
442,E14000971,Stockton South,443143,513821,-1.33506,54.51786041,84320826.32,70097.99892,England
443,E14000972,Stoke-on-Trent Central,389141,347318,-2.16333008,53.02305984,30272295.26,43183.56429,England
444,E14000973,Stoke-on-Trent North,387700,351970,-2.18499994,53.06483841,42191851.91,41671.9419,England
445,E14000974,Stoke-on-Trent South,390276,342227,-2.14626002,52.97731018,32849469.16,38848.02128,England
446,E14000975,Stone,388489,330561,-2.17245007,52.87240982,621083003.5,248414.617,England
447,E14000976,Stourbridge,391209,284285,-2.13079,52.45645142,27406839.12,29217.02264,England
448,E14000977,Stratford-on-Avon,419834,253616,-1.71133006,52.18045044,670714675.2,208274.494,England
244,E14000773,Kingston upon Hull West and Hessle,507415,428279,-0.37292001,53.73984909,23733835.62,32692.85701,England
245,E14000774,Kingswood,367363,172198,-2.47101998,51.44781113,43129428.11,47403.82344,England
246,E14000775,Knowsley,343147,394435,-2.85739994,53.44361115,54198097.3,47373.82974,England
247,E14000776,Lancaster and Fleetwood,353827,456824,-2.70596004,54.00537109,437820637.9,257277.5704,England
248,E14000777,Leeds Central,431014,431345,-1.53085995,53.77753067,40955616.55,34566.09803,England
249,E14000778,Leeds East,435457,435028,-1.46301997,53.81034851,33684437.13,34351.79462,England
250,E14000779,Leeds North East,430948,438845,-1.53111005,53.84494019,39484522.83,33995.78527,England
251,E14000780,Leeds North West,423969,440852,-1.63701999,53.86334991,62122714.8,60813.09851,England
252,E14000781,Leeds West,425371,433988,-1.61626995,53.80158997,30245581.61,36468.80828,England
253,E14000782,Leicester East,461961,305445,-1.08570004,52.64323044,23287403.25,24888.31674,England
254,E14000783,Leicester South,458931,302341,-1.13102996,52.61566925,21183533.94,26265.64173,England
255,E14000784,Leicester West,456222,306111,-1.17039001,52.64984131,28871135.02,28345.12746,England
256,E14000785,Leigh,365379,399156,-2.52323008,53.48797989,67062220.59,53490.36523,England
257,E14000786,Lewes,545745,107945,0.069178,50.85266113,370808227.5,217739.6617,England
258,E14000787,Lewisham East,538644,173593,-0.00637,51.44435883,14773173.28,31236.03166,England
259,E14000788,Lewisham West and Penge,536088,170861,-0.04418,51.42042923,15858029.19,23673.04813,England
260,E14000789,"Lewisham, Deptford",537339,175928,-0.02423,51.4656601,12035183.65,23641.27754,England
261,E14000790,Leyton and Wanstead,539833,187830,0.016364,51.5719986,15311452.95,23357.70407,England
262,E14000791,Lichfield,412225,317506,-1.82029998,52.75503922,329065582.2,121466.5077,England
263,E14000792,Lincoln,495467,370186,-0.57163,53.22018051,63898412.77,52117.08655,England
264,E14000793,"Liverpool, Riverside",336390,388230,-2.95785999,53.38708115,24077355.67,32755.51361,England
265,E14000794,"Liverpool, Walton",336910,394442,-2.95128989,53.44297028,19765610.41,29940.84453,England
266,E14000795,"Liverpool, Wavertree",339023,390195,-2.91865993,53.40504837,17084991.02,25042.65075,England
267,E14000796,"Liverpool, West Derby",339745,393988,-2.90853,53.43922043,20619250.68,27360.77312,England
268,E14000797,Loughborough,453785,319805,-1.20418,52.7731781,130570206.4,79258.30132,England
269,E14000798,Louth and Horncastle,535171,382507,0.0279,53.32226181,1376331453,299805.6603,England
270,E14000799,Ludlow,350065,287901,-2.73678994,52.48674011,1554921169,343721.5127,England
272,E14000801,Luton South,508555,220571,-0.42456001,51.87316132,55788275.17,40025.07124,England
273,E14000802,Macclesfield,390591,374746,-2.14252996,53.26963043,301738544.4,100972.422,England
274,E14000803,Maidenhead,484373,178129,-0.78596997,51.49581146,183413798.9,82348.33324,England
275,E14000804,Maidstone and The Weald,575796,149220,0.515706,51.21511078,223670736.1,121657.7675,England
276,E14000805,Makerfield,358209,402916,-2.63178992,53.52125168,55860156.49,54470.94269,England
277,E14000806,Maldon,588678,201762,0.72793001,51.68291855,376016754.8,332591.4303,England
278,E14000807,Manchester Central,386354,398829,-2.20710993,53.48601151,28464512.64,37033.01651,England
279,E14000808,"Manchester, Gorton",386935,395086,-2.19819999,53.45238113,17280772.74,27660.25291,England
280,E14000809,"Manchester, Withington",384007,392132,-2.24214005,53.42575073,19313564.2,28138.12292,England
281,E14000810,Mansfield,455047,363637,-1.17804003,53.16703033,76696899.63,51090.8326,England
282,E14000811,Meon Valley,462539,119561,-1.11064994,50.97206879,402174960.3,136520.0053,England
283,E14000812,Meriden,418290,281451,-1.73240995,52.4307518,145563651.7,101353.8631,England
284,E14000813,Mid Bedfordshire,504718,239346,-0.47455999,52.04264069,457505461.9,158446.5909,England
285,E14000814,Mid Derbyshire,439737,341743,-1.40972996,52.97158813,92140105.15,88020.0173,England
286,E14000815,Mid Dorset and North Poole,391551,94607,-2.12111998,50.75099182,175813503.3,126605.9155,England
287,E14000816,Mid Norfolk,597388,311524,0.91756898,52.66550064,760347133.5,171771.1957,England
288,E14000817,Mid Sussex,527731,126921,-0.17994,51.02746964,188124420,144847.6581,England
289,E14000818,Mid Worcestershire,393275,253990,-2.09977007,52.18412018,440932252.5,222367.3712,England
290,E14000819,Middlesbrough,450286,518464,-1.22394001,54.55892944,29144898.87,34516.00089,England
291,E14000820,Middlesbrough South and East Cleveland,465116,516429,-0.99510998,54.5389595,197165231.5,100760.5513,England
292,E14000821,Milton Keynes North,486764,246259,-0.73449999,52.10786819,228791147.1,80635.07564,England
293,E14000822,Milton Keynes South,486551,236093,-0.74019003,52.01652908,79835640.8,61461.63398,England
294,E14000823,Mitcham and Morden,528027,168563,-0.16087,51.40164948,16445834.68,27558.79109,England
295,E14000824,Mole Valley,514427,147482,-0.36305001,51.21508026,369461638,138810.1851,England
296,E14000825,Morecambe and Lunesdale,353509,468965,-2.7126801,54.11444855,253569977.8,197146.0007,England
297,E14000826,Morley and Outwood,431161,425385,-1.52923,53.72396088,68613477.92,66492.83822,England
298,E14000827,New Forest East,435181,105110,-1.50167,50.84444046,396791403.9,181886.0989,England
299,E14000828,New Forest West,418339,108094,-1.74073005,50.87205124,356248709.2,165419.3608,England
300,E14000829,Newark,475944,357675,-0.86691999,53.11088181,700307671.9,224434.9203,England
301,E14000830,Newbury,447318,172095,-1.32050002,51.44586945,596793836.9,151490.6026,England
302,E14000831,Newcastle upon Tyne Central,422342,565906,-1.65240002,54.98725128,23806326.67,21523.54491,England
303,E14000832,Newcastle upon Tyne East,427215,565674,-1.57626998,54.98492813,19085347.81,25139.90624,England
304,E14000833,Newcastle upon Tyne North,421039,569925,-1.67246997,55.02341843,70564518.67,55090.19218,England
305,E14000834,Newcastle-under-Lyme,380356,348791,-2.29438996,53.03604126,81108376.68,53541.27291,England
306,E14000835,Newton Abbot,288933,74357,-3.56936002,50.55836868,203646027.8,119211.6331,England
307,E14000836,"Normanton, Pontefract and Castleford",447021,422148,-1.28936994,53.69367981,86395012.17,69357.80092,England
308,E14000837,North Cornwall,212024,78838,-4.65642023,50.57894135,1195269774,399147.361,England
309,E14000838,North Devon,265110,132524,-3.92690992,51.07612991,1086031785,305486.0693,England
310,E14000839,North Dorset,390177,113279,-2.14109993,50.91886902,880605651.7,214467.4166,England
311,E14000840,North Durham,423154,551799,-1.64084005,54.86045074,104095139.1,71526.69297,England
312,E14000841,North East Bedfordshire,509132,258803,-0.40399,52.2166481,542800897.7,191727.0924,England
313,E14000842,North East Cambridgeshire,537554,293446,0.025967,52.52154922,724134241.7,260940.1327,England
314,E14000843,North East Derbyshire,437369,365923,-1.44219005,53.1891098,228231242.1,149637.8596,England
315,E14000844,North East Hampshire,477217,151423,-0.89482999,51.2567482,401470618.9,156367.5105,England
316,E14000845,North East Hertfordshire,533034,227739,-0.06642,51.93227005,502269656.7,160583.3616,England
317,E14000846,North East Somerset,364116,161999,-2.51671004,51.35591125,322447687.7,176456.8609,England
318,E14000847,North Herefordshire,348792,251361,-2.74995995,52.15813828,1455563187,348075.1984,England
319,E14000848,North Norfolk,623473,330845,1.315804,52.82878876,728146546.8,334578.3989,England
320,E14000849,North Shropshire,349128,330083,-2.75711012,52.86582184,935210349.3,276031.7372,England
321,E14000850,North Somerset,347309,169216,-2.75913,51.41949081,228317277.6,120943.0865,England
322,E14000851,North Swindon,417320,190622,-1.75124002,51.61415863,106324333.9,65918.98776,England
323,E14000852,North Thanet,625041,165662,1.23007703,51.34545898,136855288.1,79356.97533,England
324,E14000853,North Tyneside,429481,568918,-1.54052997,55.01395035,44145299.32,52012.90143,England
325,E14000854,North Warwickshire,424687,296012,-1.63724995,52.56140137,266482050.3,140692.5824,England
326,E14000855,North West Cambridgeshire,522387,289492,-0.1989,52.48963928,745923095.1,231474.2243,England
332,E14000861,Northampton North,477324,263094,-0.86848003,52.26060104,22366765.25,26069.55655,England
333,E14000862,Northampton South,480096,261363,-0.82828999,52.24464035,32947482.61,40142.86854,England
334,E14000863,Norwich North,623503,311330,1.30297005,52.6536293,36186045.62,39713.15097,England
335,E14000864,Norwich South,621219,308012,1.26703894,52.62479019,28792141.67,43851.25153,England
336,E14000865,Nottingham East,458309,341526,-1.13325,52.96794891,18706488.54,23698.50508,England
449,E14000978,Streatham,530188,172431,-0.1284,51.43592072,10445529.57,18955.52663,England
450,E14000979,Stretford and Urmston,376790,394312,-2.35089993,53.44506836,46807361,39263.24814,England
451,E14000980,Stroud,382161,205282,-2.25977993,51.74594879,385431232.9,156018.0074,England
337,E14000866,Nottingham North,454115,344384,-1.19520998,52.99406815,23341980.82,35919.44303,England
452,E14000981,Suffolk Coastal,635965,249452,1.44335997,52.09307861,754274848.3,435526.862,England
453,E14000982,Sunderland Central,438940,556531,-1.39428997,54.90200043,29019685.68,51497.51467,England
454,E14000983,Surrey Heath,493294,162147,-0.66170001,51.35074997,108123847.5,72766.66958,England
338,E14000867,Nottingham South,454681,339273,-1.18763995,52.94807816,32565098.78,38873.56405,England
339,E14000868,Nuneaton,431696,292172,-1.53422999,52.52651978,83023099.6,58798.07699,England
340,E14000869,Old Bexley and Sidcup,548002,173628,0.128198,51.44231033,24546379.42,29249.69611,England
341,E14000870,Oldham East and Saddleworth,398906,408181,-2.01799011,53.57025146,104409803.8,58303.21626,England
342,E14000871,Oldham West and Royton,390878,405957,-2.13913989,53.55017853,30838483.61,33523.41608,England
343,E14000872,Orpington,544861,162534,0.078513,51.34342957,78725150.15,58953.05584,England
344,E14000873,Oxford East,453747,205162,-1.22293997,51.74259186,30604532.99,30539.61449,England
345,E14000874,Oxford West and Abingdon,447995,207687,-1.30589998,51.76580811,128738068.3,86212.98167,England
346,E14000875,Pendle,387637,443368,-2.18956995,53.88636017,169380093,79243.78341,England
347,E14000876,Penistone and Stocksbridge,423088,401791,-1.65330994,53.51231003,293827134.9,107839.3362,England
348,E14000877,Penrith and The Border,356508,545631,-2.67810988,54.80366135,3120314904,511607.2052,England
349,E14000878,Peterborough,524756,303751,-0.15866999,52.61722183,175022548,65827.73122,England
350,E14000879,"Plymouth, Moor View",248145,59475,-4.13878012,50.41543961,32627447.21,36532.77688,England
351,E14000880,"Plymouth, Sutton and Devonport",247629,55529,-4.14444017,50.37984848,21151432.29,42429.87643,England
352,E14000881,Poole,403952,91153,-1.94536996,50.7199707,30939814.49,63767.78681,England
353,E14000882,Poplar and Limehouse,537808,180645,-0.01564,51.50793839,10620609.64,24657.54633,England
354,E14000883,Portsmouth North,466078,105233,-1.06285,50.84283829,26972629.96,49152.31006,England
355,E14000884,Portsmouth South,465420,99877,-1.07314003,50.79476166,13419142.09,25304.59995,England
356,E14000885,Preston,354517,430860,-2.69157004,53.77209091,26494794.31,41196.23183,England
357,E14000886,Pudsey,422501,438013,-1.65954995,53.83789825,54988533.08,66423.69463,England
367,E14000896,Richmond Park,519834,173049,-0.27708,51.44375992,37142816.62,38181.37861,England
368,E14000897,Rochdale,392416,415285,-2.11615992,53.63404083,85556099.73,56683.44812,England
369,E14000898,Rochester and Strood,578207,175196,0.563173,51.44770813,148702088,160489.6079,England
370,E14000899,Rochford and Southend East,591941,188292,0.767699,51.56084061,93246051.99,121253.8141,England
371,E14000900,Romford,551408,190670,0.184484,51.5945282,29397031.38,32396.809,England
372,E14000901,Romsey and Southampton North,436034,128163,-1.48728001,51.05168152,420382184.6,159195.3613,England
373,E14000902,Rossendale and Darwen,372446,420955,-2.41865993,53.68432999,217453202.9,121699.2894,England
374,E14000903,Rother Valley,449699,386114,-1.25452995,53.36957932,166752771,72539.85257,England
375,E14000904,Rotherham,442371,392231,-1.36382997,53.42518997,45094181.12,52054.0577,England
376,E14000905,Rugby,446258,281329,-1.3211,52.42800903,246573639.3,87986.29904,England
377,E14000906,"Ruislip, Northwood and Pinner",508439,189155,-0.43601999,51.59082031,49510450.94,41675.39186,England
378,E14000907,Runnymede and Weybridge,503012,166624,-0.52091002,51.38930893,93827404.95,55580.77525,England
379,E14000908,Rushcliffe,462332,332669,-1.07505,52.88788986,309312965.4,112958.8449,England
380,E14000909,Rutland and Melton,484648,311819,-0.74884999,52.69746017,1117675491,233547.8351,England
381,E14000910,Saffron Walden,559857,226819,0.32296699,51.91696167,795427679.7,189001.4523,England
382,E14000911,Salford and Eccles,379701,400390,-2.30747008,53.49982071,31740824.68,33647.34878,England
383,E14000912,Salisbury,412884,132088,-1.81740999,51.08795166,612603146.5,174205.1675,England
384,E14000913,Scarborough and Whitby,485778,506118,-0.67883003,54.44324875,738428380.1,216302.4067,England
385,E14000914,Scunthorpe,494110,405551,-0.58143002,53.53820038,182417755.5,84692.31982,England
386,E14000915,Sedgefield,431052,526108,-1.52052999,54.62916183,366846223.4,181641.1718,England
387,E14000916,Sefton Central,331658,404014,-3.03242993,53.52833176,83352554.55,74627.48072,England
388,E14000917,Selby and Ainsty,449167,442159,-1.25370002,53.87332916,844861156.9,356414.9348,England
389,E14000918,Sevenoaks,552010,159916,0.17996199,51.31803894,249612174.9,98322.54488,England
390,E14000919,Sheffield Central,435726,386662,-1.46445,53.37562943,20162487.98,32028.7432,England
391,E14000920,Sheffield South East,440551,388350,-1.39172006,53.39044952,44335985,49029.92922,England
392,E14000921,"Sheffield, Brightside and Hillsborough",435434,390928,-1.46836996,53.41399002,27378982.69,28460.46622,England
401,E14000930,Slough,496543,180461,-0.61008,51.51483154,26916463.37,33932.94243,England
402,E14000931,Solihull,413056,280069,-1.80944002,52.41846848,32718456.48,30944.63407,England
403,E14000932,Somerton and Frome,364633,137241,-2.50682998,51.1333313,950818731.5,255161.4921,England
404,E14000933,South Basildon and East Thurrock,568418,183317,0.426314,51.52365112,131411564.4,103614.1124,England
405,E14000934,South Cambridgeshire,537837,254678,0.014247,52.17316055,629165856.7,206021.6423,England
406,E14000935,South Derbyshire,431434,325365,-1.53494,52.82492065,338128984.7,166772.6447,England
407,E14000936,South Dorset,385852,85482,-2.20155001,50.66881943,371336257.9,255289.3824,England
408,E14000937,South East Cambridgeshire,553959,267334,0.25557199,52.2826004,750576256.4,237088.2212,England
409,E14000938,South East Cornwall,226464,62949,-4.44528008,50.44065094,719450666.4,367426.363,England
410,E14000939,South Holland and The Deepings,532910,322822,-0.03061,52.78662872,779680868.4,214610.9973,England
411,E14000940,South Leicestershire,454415,290699,-1.19962001,52.51148987,284515059,105094.7012,England
412,E14000941,South Norfolk,629990,295823,1.38794196,52.51176071,791271746.2,243900.323,England
413,E14000942,South Northamptonshire,463454,246589,-1.07474995,52.11399841,610336532.4,230967.1356,England
426,E14000955,"Southampton, Itchen",445458,112143,-1.35483003,50.90695953,20352007.83,37600.32845,England
427,E14000956,"Southampton, Test",440222,114130,-1.42908001,50.92522049,22053151.05,30694.44499,England
428,E14000957,Southend West,585151,187494,0.669438,51.55593872,19675168.04,25957.19647,England
455,E14000984,Sutton and Cheam,524746,164092,-0.20958,51.36220169,18349226.68,26042.19781,England
456,E14000985,Sutton Coldfield,412968,296625,-1.81009996,52.56731033,57636693.02,42738.83278,England
457,E14000986,Tamworth,416920,302985,-1.75146997,52.6243782,179690215.2,95640.62628,England
458,E14000987,Tatton,372677,375936,-2.41123009,53.27970123,330482750.2,137475.285,England
459,E14000988,Taunton Deane,318327,123470,-3.16542006,51.00479126,462366991.7,174002.4158,England
460,E14000989,Telford,369255,307882,-2.45605993,52.66778183,50525308.79,40205.66412,England
461,E14000990,Tewkesbury,395051,226279,-2.07337999,51.93500137,368792929.7,171751.0676,England
462,E14000991,The Cotswolds,407586,216304,-1.89127004,51.84529114,1239743266,359636.3635,England
463,E14000992,The Wrekin,369695,319172,-2.45059991,52.76929855,345287343.5,158695.4775,England
464,E14000993,Thirsk and Malton,465689,478532,-0.9946,54.19836044,2136804210,347076.6349,England
465,E14000994,Thornbury and Yate,369237,185199,-2.44519997,51.56481934,373103549.3,143982.7633,England
466,E14000995,Thurrock,559439,180025,0.29550999,51.49668121,68039625.25,58721.07588,England
467,E14000996,Tiverton and Honiton,312313,107480,-3.24726009,50.86014175,903503068,217891.3976,England
468,E14000997,Tonbridge and Malling,561918,151566,0.31823799,51.2402916,300656147.6,132954.8196,England
473,E14001002,Tottenham,532898,189292,-0.08309,51.5868187,13148645.05,18294.17128,England
474,E14001003,Truro and Falmouth,182689,51267,-5.05418015,50.32117081,444671684.7,310328.9009,England
475,E14001004,Tunbridge Wells,566713,140725,0.38183999,51.14151001,248069440.4,135562.3494,England
476,E14001005,Twickenham,514896,171607,-0.34856999,51.43181992,29157697.65,34325.77724,England
477,E14001006,Tynemouth,433254,571149,-1.48126996,55.03376007,38171814.76,37504.06534,England
478,E14001007,Uxbridge and South Ruislip,508041,183856,-0.44339001,51.54327011,30056639.41,32929.28752,England
481,E14001010,Wallasey,326806,391347,-3.10265994,53.41384125,23199298.21,28096.39672,England
482,E14001011,Walsall North,399391,300845,-2.01042008,52.60540009,26913125.92,31772.74275,England
483,E14001012,Walsall South,401479,297306,-1.97959995,52.5735817,33043870.59,38797.83932,England
484,E14001013,Walthamstow,537216,189197,-0.02084,51.58493042,16183506.9,19977.20127,England
485,E14001014,Wansbeck,423326,585770,-1.63540006,55.16569901,136885910.9,84321.0171,England
486,E14001015,Wantage,442287,190881,-1.39064002,51.61516953,584460169.7,164361.5582,England
487,E14001016,Warley,400825,287646,-1.98926997,52.48674011,19359327.35,24767.86664,England
488,E14001017,Warrington North,362731,392971,-2.5624001,53.43220901,91417486.09,59916.70372,England
489,E14001018,Warrington South,362664,384845,-2.56244993,53.35916901,89210502.9,94925.03017,England
490,E14001019,Warwick and Leamington,427748,263012,-1.59482002,52.26459122,90174770.43,62873.51936,England
491,E14001020,Washington and Sunderland West,431484,556783,-1.51052999,54.90478134,42604114.57,48870.60582,England
492,E14001021,Watford,509752,198347,-0.41420001,51.67317963,36975149.55,39509.52436,England
493,E14001022,Waveney,643591,289401,1.58327496,52.44823837,247313087.8,163146.6628,England
494,E14001023,Wealden,552834,124884,0.176907,51.00304031,571024902.2,221679.5618,England
495,E14001024,Weaver Vale,357932,378463,-2.63268995,53.30144882,166168838.9,109010.9429,England
496,E14001025,Wellingborough,491876,265617,-0.65464997,52.28104019,165480902.6,92789.47735,England
497,E14001026,Wells,349692,146261,-2.72162008,51.21331024,555807010.5,168135.8092,England
498,E14001027,Welwyn Hatfield,525345,208467,-0.18517999,51.76087189,114113020.6,78616.49992,England
499,E14001028,Wentworth and Dearne,442975,399603,-1.35373998,53.49140167,90294949.21,82314.11663,England
500,E14001029,West Bromwich East,402098,293072,-1.97048998,52.53551865,27827840.74,31294.12971,England
501,E14001030,West Bromwich West,397511,292210,-2.03811002,52.527771,27492065.73,35540.67745,England
502,E14001031,West Dorset,357765,99663,-2.60061002,50.79497147,1033035472,279939.7924,England
503,E14001032,West Ham,539774,183149,0.013655,51.52994919,17345881.07,26207.59513,England
504,E14001033,West Lancashire,342047,408082,-2.87649012,53.56613922,262352063,100963.5023,England
505,E14001034,West Suffolk,580944,275380,0.65505701,52.34664917,818298863,303289.3214,England
506,E14001035,West Worcestershire,380454,250018,-2.28706002,52.14810944,705288894.6,297862.8034,England
511,E14001040,Wimbledon,524128,170000,-0.21639,51.41542816,21178905.63,21819.70455,England
512,E14001041,Winchester,451629,135559,-1.26374996,51.11698914,324909022,124599.2244,England
513,E14001042,Windsor,490470,171462,-0.69986999,51.43494034,148298705.7,92368.10873,England
514,E14001043,Wirral South,330364,382283,-3.04713988,53.33287048,60795247.47,55989.52754,England
515,E14001044,Wirral West,324738,386733,-3.13265991,53.37208939,47919885.7,38361.73603,England
516,E14001045,Witham,586792,214917,0.70773798,51.80168915,372362010.6,194850.5373,England
517,E14001046,Witney,434343,215816,-1.50292003,51.83990097,714422027.3,160247.8585,England
518,E14001047,Woking,496149,155762,-0.62243998,51.29288101,98993935.62,75458.58075,England
519,E14001048,Wokingham,470404,168144,-0.98913997,51.40795898,156102408.4,87803.94513,England
520,E14001049,Wolverhampton North East,393362,301509,-2.09945011,52.61132813,24759068.99,29092.55681,England
521,E14001050,Wolverhampton South East,393533,296490,-2.09682989,52.5662117,24755900.4,27649.57348,England
522,E14001051,Wolverhampton South West,389010,298671,-2.16363001,52.58573914,23140720.41,28879.50027,England
523,E14001052,Worcester,385725,255196,-2.2102499,52.1948204,33278124.58,31263.04494,England
524,E14001053,Workington,317334,543173,-3.28667998,54.77664185,675709335.2,329133.8807,England
525,E14001054,Worsley and Eccles South,372907,399589,-2.40982008,53.49232101,59657139.75,50243.92327,England
526,E14001055,Worthing West,511068,104626,-0.42423001,50.83050919,30455972.07,38421.28819,England
556,S14000023,Edinburgh North and Leith,324819,675786,-3.20605993,55.96915054,20068718.42,29468.87263,Scotland
557,S14000024,Edinburgh South,326643,669657,-3.17516994,55.91437912,28649364.83,28949.91925,Scotland
558,S14000025,Edinburgh South West,318312,666474,-3.30746007,55.88444901,90360846.59,60330.24458,Scotland
559,S14000026,Edinburgh West,316926,673573,-3.33178997,55.94797134,98450455.35,68812.34038,Scotland
560,S14000027,Na h-Eileanan an Iar,126473,932862,-6.65721989,58.19937897,3099780964,3928976.433,Scotland
561,S14000028,Falkirk,283492,683752,-3.87127995,56.03242874,174676960,95191.96835,Scotland
562,S14000029,Glasgow Central,257847,663263,-4.27169991,55.84157181,20299181.08,44917.34797,Scotland
563,S14000030,Glasgow East,265327,664585,-4.15299988,55.85557938,38682896.07,36801.71308,Scotland
564,S14000031,Glasgow North,256777,668773,-4.29167986,55.89072037,16853328.46,27281.17098,Scotland
565,S14000032,Glasgow North East,261760,668310,-4.21184015,55.88801956,27741174.89,31414.18717,Scotland
566,S14000033,Glasgow North West,253175,669165,-4.34943008,55.89315033,18059235.39,25610.27464,Scotland
567,S14000034,Glasgow South,258684,660035,-4.25665998,55.81283188,26723970.12,35276.32219,Scotland
568,S14000035,Glasgow South West,253614,663773,-4.33950996,55.84487915,26317011.51,33862.81663,Scotland
569,S14000036,Glenrothes,328253,698904,-3.15725994,56.17734146,177227558,84899.45945,Scotland
570,S14000037,Gordon,370511,829595,-2.49175,57.35586166,1517036974,350949.3228,Scotland
571,S14000038,Inverclyde,227922,670899,-4.75387001,55.90034866,161960816,79820.70341,Scotland
572,S14000039,"Inverness, Nairn, Badenoch and Strathspey",263458,814404,-4.26163006,57.19998932,4928693343,453465.4077,Scotland
573,S14000040,Kilmarnock and Loudoun,255398,633167,-4.2948699,55.57064056,701807333,217200.3408,Scotland
574,S14000041,Kirkcaldy and Cowdenbeath,322259,690504,-3.2513299,56.10094833,148553236.1,113073.7514,Scotland
575,S14000042,Lanark and Hamilton East,290722,650833,-3.74201989,55.73851013,363535170.1,146715.0106,Scotland
602,W07000050,Cardiff Central,319313,179182,-3.16394997,51.50577927,16797280.71,21168.38773,Wales
603,W07000051,Cardiff North,316056,181631,-3.2114501,51.52732086,42650604.57,40850.12672,Wales
604,W07000052,Rhondda,296949,196169,-3.49106002,51.65483093,99900738.37,50975.43941,Wales
605,W07000053,Torfaen,327169,200182,-3.05515003,51.69564056,117603875,81895.46331,Wales
606,W07000054,Monmouth,337812,209231,-2.90280008,51.77827072,830460379.9,221936.6946,Wales
607,W07000055,Newport East,338924,188370,-2.88302994,51.59085083,122430776.9,78746.39537,Wales
608,W07000056,Newport West,328762,186182,-3.02924991,51.56998825,96541402.49,101279.1087,Wales
609,W07000057,Arfon,256909,361593,-4.14025021,53.13225174,409216623,127928.093,Wales
610,W07000058,Aberconwy,276098,360888,-3.8533299,53.13071823,604220194.4,208041.9208,Wales
611,W07000059,Clwyd West,297156,361691,-3.53898001,53.14242172,926102475.7,224104.8103,Wales
612,W07000060,Vale of Clwyd,306235,374013,-3.40691996,53.25482178,216210029.8,126186.9901,Wales
613,W07000061,Dwyfor Meirionnydd,273979,326158,-3.87144995,52.81819916,2138858530,538872.7674,Wales
614,W07000062,Clwyd South,327082,342911,-3.08743,52.97856903,622810281.5,205365.2669,Wales
615,W07000063,Montgomeryshire,301718,304472,-3.45350003,52.62908936,2181366151,347405.6129,Wales
616,W07000064,Ceredigion,267126,268437,-3.94993997,52.29795074,1789001593,373806.6836,Wales
617,W07000065,Preseli Pembrokeshire,193261,226426,-5.00630999,51.89794159,1180582146,505099.8226,Wales
618,W07000066,Carmarthen West and South Pembrokeshire,216128,213332,-4.66739988,51.78834915,1018422597,432526.3082,Wales
619,W07000067,Carmarthen East and Dinefwr,262869,228244,-3.99612999,51.9357605,1555762163,318603.7967,Wales
620,W07000068,Brecon and Radnorshire,305328,248413,-3.38434005,52.12588882,3014831339,362766.7494,Wales
621,W07000069,Neath,280613,203826,-3.72972989,51.72040939,264983362.9,111633.1914,Wales
622,W07000070,Cynon Valley,297160,203213,-3.49008989,51.71818161,182363753.4,86570.94129,Wales
623,W07000071,Merthyr Tydfil and Rhymney,307976,203618,-3.33367991,51.72370148,161919608.4,74876.38367,Wales
624,W07000072,Blaenau Gwent,318236,206771,-3.18592,51.75363922,108728053.5,65601.73355,Wales
625,W07000073,Bridgend,287202,179713,-3.62662005,51.50505066,84677006.56,60466.71802,Wales
626,W07000074,Ogmore,291741,187410,-3.56361008,51.57513046,202907615.2,82258.88633,Wales
627,W07000075,Pontypridd,307034,185796,-3.34257007,51.56335068,105031890.6,73148.88686,Wales
628,W07000076,Caerphilly,316860,188276,-3.2014401,51.58718109,114555894.9,72272.00321,Wales
629,W07000077,Islwyn,320517,196276,-3.15048003,51.65961838,111992749.7,65356.29005,Wales
630,W07000078,Vale of Glamorgan,302293,173083,-3.40741992,51.44826889,315168014,103428.0958,Wales
631,W07000079,Cardiff West,312437,178939,-3.26293993,51.50257111,50986511.89,40522.23824,Wales
632,W07000080,Cardiff South and Penarth,317979,171824,-3.1814599,51.43944931,47877360.5,70293.35114,Wales
